{"cameraMode":{"drawMode":0,"name":"Shaded","section":"Shading Mode"},"sceneLighting":true,"audioPlay":false,"sceneViewState":{"showFog":true,"showMaterialUpdate":false,"showSkybox":true,"showFlares":true,"showImageEffects":true,"showParticleSystems":true},"in2DMode":false,"pivot":{"x":-47.65520477294922,"y":12.74724006652832,"z":-26.083341598510743},"rotation":{"x":0.13642065227031709,"y":-0.04703795909881592,"z":0.006480146665126085,"w":0.9895259141921997},"size":105.75018310546875,"orthographic":true}