{"cameraMode":{"drawMode":0,"name":"Shaded","section":"Shading Mode"},"sceneLighting":true,"audioPlay":false,"sceneViewState":{"showFog":true,"showMaterialUpdate":false,"showSkybox":false,"showFlares":true,"showImageEffects":true,"showParticleSystems":true},"in2DMode":false,"pivot":{"x":806.7225341796875,"y":0.5803670883178711,"z":648.132568359375},"rotation":{"x":-0.17115841805934907,"y":-0.7108043432235718,"z":0.18529167771339417,"w":-0.6566112041473389},"size":13.701576232910157,"orthographic":false}