{"cameraMode":{"drawMode":0,"name":"Shaded","section":"Shading Mode"},"sceneLighting":true,"audioPlay":false,"sceneViewState":{"showFog":true,"showMaterialUpdate":false,"showSkybox":true,"showFlares":true,"showImageEffects":true,"showParticleSystems":true},"in2DMode":false,"pivot":{"x":812.0380249023438,"y":16.670604705810548,"z":626.2587890625},"rotation":{"x":-0.3038825988769531,"y":0.12159647792577744,"z":-0.039150986820459369,"w":-0.9441221952438355},"size":49.80527877807617,"orthographic":true}