{"cameraMode":{"drawMode":0,"name":"Shaded","section":"Shading Mode"},"sceneLighting":false,"audioPlay":false,"sceneViewState":{"showFog":true,"showMaterialUpdate":false,"showSkybox":false,"showFlares":true,"showImageEffects":true,"showParticleSystems":true},"in2DMode":false,"pivot":{"x":811.1599731445313,"y":9.00192642211914,"z":633.7000122070313},"rotation":{"x":-0.039322830736637118,"y":-0.16797536611557008,"z":0.006691317074000835,"w":-0.9849995970726013},"size":1.536665439605713,"orthographic":true}