{"cameraMode":{"drawMode":0,"name":"Shaded","section":"Shading Mode"},"sceneLighting":true,"audioPlay":false,"sceneViewState":{"showFog":true,"showMaterialUpdate":false,"showSkybox":false,"showFlares":true,"showImageEffects":true,"showParticleSystems":true},"in2DMode":false,"pivot":{"x":808.4847412109375,"y":2.1269705295562746,"z":644.4796142578125},"rotation":{"x":0.2594573199748993,"y":0.2009907364845276,"z":-0.0553014911711216,"w":0.942988395690918},"size":1.5917913913726807,"orthographic":false}