{"cameraMode":{"drawMode":0,"name":"Shaded","section":"Shading Mode"},"sceneLighting":true,"audioPlay":false,"sceneViewState":{"showFog":true,"showMaterialUpdate":false,"showSkybox":true,"showFlares":true,"showImageEffects":true,"showParticleSystems":true},"in2DMode":false,"pivot":{"x":614.9188842773438,"y":87.2571029663086,"z":736.4228515625},"rotation":{"x":-0.08974447101354599,"y":0.9073807597160339,"z":-0.24996282160282136,"w":-0.32577982544898989},"size":43.105064392089847,"orthographic":true}